nama;rumuskimia;kilap;warna;cerat;transparansi;mohs;belahan;pecahan;bj;magnet;hcl;desc;image
Forsterite;Mg₂SiO₄;Kaca;Hijau | Kuning | Putih / Tidak berwarna;Putih / Tidak berwarna;Transparan | Translusen;7;Sempurna 2 arah;Konkoidal | tidak rata;Sedang (3-4);Tidak magnetik;Tidak bereaksi;Forsterite umumnya dijumpai pada batuan beku ultramafik dan mafik seperti peridotit, dunit, dan basalt, serta pada batuan metamorf kaya magnesium (marmer dolomitik dan skarn), sering berasosiasi dengan enstatite, diopside, spinel, chromite, serpentine, pyroxene, dan magnetite.;images/Forsterite 1.png|images/Forsterite 2.png|images/Forsterite 3.png
Fayalite;Fe₂SiO₄ ;Kaca;Cokelat | Hijau ;Putih / Tidak berwarna | Abu-abu;Translusen;6-6,4;Tidak sempurna;Konkoidal;Berat (4-6);Tidak magnetik;Tidak bereaksi;"Umum dijumpai pada batuan beku felsik-alkalin yang kaya besi seperti granit alkali, riolit, dan syenit, serta pada batuan beku terdiferensiasi lanjut dan meteorit besi; berasosiasi dengan hedenbergite, magnetite, ilmenite, kuarsa, dan feldspar alkali.";images/Fayalite 1.png|images/Fayalite 2.png|images/Fayalite 3.png
Aegirine;NaFeSi₂O₆;Kaca;Cokelat | Hijau ;Kuning;Translusen;6-6,5;Sempurna 2 arah;Tidak rata;Sedang (3-4);Tidak magnetik;Tidak bereaksi;Khas dijumpai pada batuan beku alkalin seperti syenit nefelin, granit alkali, dan batuan vulkanik alkalin (fonolit), sering berasosiasi dengan nepheline, sanidine, riebeckite, aegirine-augite, dan zircon.;images/Aegirine 1.png|images/Aegirine 2.png|images/Aegirine 3.png
Augite; Ca(Mg,Fe,Al)(Si,Al)₂O₆;Kaca;Hitam | Hijau | Hijau | Cokelat;Putih / Tidak berwarna | Abu-abu;Translusen | Opak;5,5-6;Sempurna 2 arah;Tidak rata;Sedang (3-4);Tidak magnetik;Tidak bereaksi;Umum pada batuan beku mafik (basalt, gabbro, andesit) dan metamorf tingkat tinggi, berasosiasi dengan plagioklas, olivin, hornblende, magnetite.;images/Augite 1.png|images/Augite 2.png|images/Augite 3.png
Hedenbergite;CaFeSi₂O₆;Kaca;Hijau | Hitam ;Putih / Tidak berwarna | Abu-abu;Translusen;5,5-6,5;Sempurna 2 arah;Tidak rata;Sedang (3-4);Tidak magnetik;Tidak bereaksi;Khas pada skarn kaya besi hasil metamorfisme kontak, berasosiasi dengan garnet andradite, magnetite, epidote, kalsit.;images/Hedenbergite 1.png|images/Hedenbergite 2.png|images/Hedenbergite 3.png
Diopside;CaMgSi₂O₆;Kaca;Putih / Tidak berwarna | Hijau;Putih / Tidak berwarna;Transparan | Translusen;5,5-6,6;Sempurna 2 arah;Tidak rata;Sedang (3-4);Tidak magnetik;Tidak bereaksi;"Dijumpai pada marmer dan skarn hasil metamorfisme kontak batuan karbonat, serta batuan ultramafik; berasosiasi dengan forsterite, tremolite, kalsit, dolomit, garnet grossular.";images/Diopside 1.png|images/Diopside 2.png|images/Diopside 3.png
Enstatite;MgSiO₃;Kaca | Mutiara;Putih / Tidak berwarna | Abu-abu | Hijau | Kuning  ;Putih / Tidak berwarna;Translusen;5-6;Sempurna 2 arah;Tidak rata;Sedang (3-4);Tidak magnetik;Tidak bereaksi;Umum pada batuan ultramafik (peridotit, piroksenit) dan meteorit, berasosiasi dengan olivin, diopside, kromit, spinel.;images/Enstatite 1.png|images/Enstatite 2.png|images/Enstatite 3.png
Hypersthene;(Mg,Fe)SiO₃;Kaca | Submetalik;Cokelat | Hijau | Cokelat | Hitam;Putih / Tidak berwarna | Abu-abu;Translusen | Opak;5-6;Sempurna 2 arah;Tidak rata;Sedang (3-4);Tidak magnetik;Tidak bereaksi;Dijumpai pada batuan beku mafik-ultramafik (norit, gabbro, andesit-basalt), berasosiasi dengan plagioklas, augite, olivin, magnetite.;images/Hypersthene 1.png|images/Hypersthene 2.png|images/Hypersthene 3.png
Hornblende;Ca₂(Mg,Fe,Al)₅(Al,Si)₈O₂₂(OH)₂;Kaca;Hijau | Hitam ;Putih / Tidak berwarna | Abu-abu;Translusen | Opak;5-6;Sempurna 2 arah;Tidak rata;Sedang (3-4);Tidak magnetik;Tidak bereaksi;Umum pada batuan beku intermediet-mafik (diorit, andesit) dan metamorf (amfibolit, sekis), berasosiasi dengan plagioklas, biotite, kuarsa, magnetite.;images/Hornblende 1.png|images/Hornblende 2.png|images/Hornblende 3.png
Actinolite;Ca₂(Mg,Fe)₅Si₈O₂₂(OH)₂;Kaca | Sutera;Hijau muda | Hijau tua;Putih / Tidak berwarna;Translusen;5-6;Sempurna 2 arah;Tidak rata;Sedang (3-4);Tidak magnetik;Tidak bereaksi;Terbentuk pada metamorfisme tingkat rendah-menengah (sekis hijau) dari alterasi piroksen, berasosiasi dengan klorit, epidote, albite, talk.;images/Actinolite 1.png|images/Actinolite 2.png|images/Actinolite 3.png
Glaucophane;Na₂(Mg,Fe)₃Al₂Si₈O₂₂(OH)₂ ;Kaca | Sutera;Biru | Biru | Ungu;Putih / Tidak berwarna | Abu-abu;Translusen;6-6,5;Sempurna 2 arah;Tidak rata;Sedang (3-4);Tidak magnetik;Tidak bereaksi;Khas pada sekis biru (blueschist) di zona subduksi tekanan tinggi-suhu rendah, berasosiasi dengan lawsonite, jadeite, epidote, garnet almandine.;images/Glaucophane 1.png|images/Glaucophane 2.png|images/Glaucophane 3.png
Anorthite;CaAl₂Si₂O₈ ;Kaca;Putih / Tidak berwarna | Putih / Tidak berwarna | Abu-abu ;Putih / Tidak berwarna;Transparan | Translusen;6-6,6;Sempurna 2 arah;Konkoidal;Ringan (<3);Tidak magnetik;Tidak bereaksi;"Umum pada gabbro, anortosit, dan basalt; berasosiasi dengan piroksen, olivin, magnetite.";images/Anorthite 1.png|images/Anorthite 2.png|images/Anorthite 3.png
Andesine;(Ca,Na)(Al,Si)₄O₈;Kaca;Putih | Abu-abu | Putih / Tidak berwarna | Kuning;Putih / Tidak berwarna;Translusen;6-6,5;Sempurna 2 arah;Tidak rata;Ringan (<3);Tidak magnetik;Tidak bereaksi;"Umum pada batuan beku intermediet (andesit, diorit); berasosiasi dengan hornblende, biotite, kuarsa.";images/Andesine 1.png|images/Andesine 2.png|images/Andesine 3.png
Albite;NaAlSi₃O₈;Kaca;Putih / Tidak berwarna;Putih / Tidak berwarna;Transparan | Translusen;6-6,5;Sempurna 2 arah;Konkoidal;Ringan (<3);Tidak magnetik;Tidak bereaksi;"Dijumpai pada granit/pegmatit dan hasil albitisasi metamorf; berasosiasi dengan kuarsa, muskovit, mikroklin.";images/Albite 1.png|images/Albite 2.png|images/Albite 3.png
Orthoclase;KAlSi₃O₈;Kaca;Putih / Tidak berwarna | Merah muda | Krem;Putih / Tidak berwarna;Translusen;6-6,5;Sempurna 2 arah;Konkoidal;Ringan (<3);Tidak magnetik;Tidak bereaksi;"Umum pada granit dan syenit; berasosiasi dengan kuarsa, muskovit, biotite, plagioklas.";images/Orthoclase 1.png|images/Orthoclase 2.png|images/Orthoclase 3.png
Microcline;KAlSi₃O₈;Kaca;Putih / Tidak berwarna | Krem | Hijau;Putih / Tidak berwarna;Translusen;6-6,5;Sempurna 2 arah;Konkoidal;Ringan (<3);Tidak magnetik;Tidak bereaksi;"Terbentuk pada granit/pegmatit yang mendingin lambat; berasosiasi dengan kuarsa, albite, muskovit, biotite.";images/Microcline 1.png|images/Microcline 2.png|images/Microcline 3.png
Sanidine;KAlSi₃O₈;Kaca;Putih / Tidak berwarna | Abu-abu;Putih / Tidak berwarna;Transparan | Translusen;6;Sempurna 2 arah;Konkoidal;Ringan (<3);Tidak magnetik;Tidak bereaksi;"Khas batuan vulkanik felsik yang cepat mendingin (trakit, riolit); berasosiasi dengan kuarsa, biotite, hornblende.";images/Sanidine 1.png|images/Sanidine 2.png|images/Sanidine 3.png
Biotite;K(Mg,Fe)₃(AlSi₃O₁₀)(OH)₂;Kaca | Mutiara;Cokelat | Hitam;Putih / Tidak berwarna;Translusen;2,5-3;Sempurna 1 arah;Tidak rata;Sedang (3-4);Tidak magnetik;Tidak bereaksi;"Umum pada granit, pegmatit, sekis, gneiss; berasosiasi dengan muskovit, kuarsa, feldspar, garnet.";images/Biotite 1.png|images/Biotite 2.png|images/Biotite 3.png
Muscovite;KAl₂(AlSi₃O₁₀)(OH)₂;Kaca | Mutiara | Sutera;Putih / Tidak berwarna;Putih / Tidak berwarna;Transparan | Translusen;2-2,5;Sempurna 1 arah;Tidak rata;Ringan (<3);Tidak magnetik;Tidak bereaksi;"Dijumpai pada granit, pegmatit, sekis mika, filit; berasosiasi dengan kuarsa, biotite, feldspar, garnet.";images/Muscovite 1.png|images/Muscovite 2.png|images/Muscovite 3.png
Phengite;K(Al,Mg,Fe)₂(AlSi₃O₁₀)(OH)₂;Kaca | Mutiara;Putih / Tidak berwarna;Putih / Tidak berwarna;Translusen;2-3;Sempurna 1 arah;Tidak rata;Ringan (<3);Tidak magnetik;Tidak bereaksi;"Khas batuan metamorf tekanan tinggi (sekis biru, eklogit); berasosiasi dengan glaucophane, garnet almandine, jadeite";images/Phengite 1.png|images/Phengite 2.png|images/Phengite 3.png
Sericite;KAl₂(AlSi₃O₁₀)(OH)₂;Sutera;Putih / Tidak berwarna | Hijau;Putih / Tidak berwarna;Translusen;2-3;Sempurna 1 arah;Tidak rata;Ringan (<3);Tidak magnetik;Tidak bereaksi;"Hasil alterasi hidrotermal/metamorfisme feldspar, umum pada zona alterasi filik endapan porfiri; berasosiasi dengan kuarsa, pirit, klorit.";images/Sericite 1.png|images/Sericite 2.png|images/Sericite 3.png
Kuarsa;SiO₂;Kaca;Tidak berwarna | Putih / Tidak berwarna | Ungu | Cokelat | Kuning;Putih / Tidak berwarna;Transparan | Translusen;7;Tidak ada;Konkoidal;Ringan (<3);Tidak magnetik;Tidak bereaksi;"Hadir hampir universal: granit, batupasir, kuarsit, urat hidrotermal; berasosiasi dengan feldspar, mika, pirit, kalsit.";images/Kuarsa 1.png|images/Kuarsa 2.png|images/Kuarsa 3.png
Kalsit;CaCO₃;Kaca | Mutiara;Putih / Tidak berwarna;Putih / Tidak berwarna;Transparan | Translusen;3;Sempurna 3 arah;Konkoidal;Ringan (<3);Tidak magnetik;Bereaksi;"Umum pada batugamping, marmer, urat hidrotermal, speleotem gua; berasosiasi dengan dolomit, aragonit, kuarsa, gipsum.";images/Kalsit 1.png|images/Kalsit 2.png|images/Kalsit 3.png
Aragonit;CaCO₃;Kaca ;Putih / Tidak berwarna;Putih / Tidak berwarna;Transparan | Translusen;3,5-4;Tidak sempurna;Subkonkoidal;Ringan (<3);Tidak magnetik;Bereaksi;"Terbentuk pada sedimen laut, cangkang moluska/koral, endapan gua; berasosiasi dengan kalsit, gipsum, sedimen evaporit.";images/Aragonit 1.png|images/Aragonit 2.png|images/Aragonit 3.png
Dolomit;CaMg(CO₃)₂;Kaca | Mutiara;Putih / Tidak berwarna | Krem | Merah muda;Putih / Tidak berwarna;Translusen;3,5-4;Sempurna 3 arah;Konkoidal;Ringan (<3);Tidak magnetik;Bereaksi;"Terbentuk melalui dolomitisasi batugamping; berasosiasi dengan kalsit, kuarsa, gipsum, anhidrit.";images/Dolomit 1.png|images/Dolomit 2.png|images/Dolomit 3.png
Garnet Grossular;Ca₃Al₂(SiO₄)₃;Kaca | Submetalik;Hijau | Kuning | Cokelat | Merah;Putih / Tidak berwarna;Transparan | Translusen;3,4-3,6;Tidak ada;Konkoidal;Sedang (3-4);Tidak magnetik;Tidak bereaksi;"Umum pada marmer dan skarn kalk-silikat; berasosiasi dengan diopside, wollastonite, vesuvianite, kalsit.";images/Garnet Grossular 1.png|images/Garnet Grossular 2.png|images/Garnet Grossular 3.png
Garnet Andradite;Ca₃Fe₂(SiO₄)₃;Kaca | Submetalik;Cokelat | Hijau | Hitam;Putih / Tidak berwarna;Translusen;6,5-7;Tidak ada;Konkoidal;Sedang (3-4);Tidak magnetik;Tidak bereaksi;"Khas skarn kaya besi; berasosiasi dengan magnetite, hedenbergite, epidote, kalsit.";images/Garnet Andradite 1.png|images/Garnet Andradite 2.png|images/Garnet Andradite 3.png
Garnet Almandine;Fe₃Al₂(SiO₄)₃;Kaca;Merah | Cokelat ;Putih / Tidak berwarna;Translusen;7-7,5;Tidak ada;Konkoidal;Sedang (3-4);Tidak magnetik;Tidak bereaksi;"Umum pada sekis dan gneiss metamorf regional; berasosiasi dengan biotite, muskovit, staurolite, kyanite.";images/Garnet Almandine 1.png|images/Garnet Almandine 2.png|images/Garnet Almandine 3.png
Garnet Pyrope;Mg₃Al₂(SiO₄)₃;Kaca;Merah | Ungu;Putih / Tidak berwarna;Transparan | Translusen;7-7,5;Tidak ada;Konkoidal;Sedang (3-4);Tidak magnetik;Tidak bereaksi;"Khas batuan ultramafik tekanan tinggi (peridotit, kimberlit, eklogit); berasosiasi dengan olivin, diopside kromian, enstatite, spinel.";images/Garnet Pyrope 1.png|images/Garnet Pyrope 2.png|images/Garnet Pyrope 3.png
Glauconite;K(Fe,Mg,Al)₂(Si,Al)₄O₁₀(OH)₂;Tanah | Kaca;Hijau | Hitam ;Putih / Tidak berwarna;Opak;2;Sempurna 1 arah;Tidak rata;Ringan (<3);Tidak magnetik;Tidak bereaksi;"Mineral autigenik pada sedimen laut dangkal; berasosiasi dengan kuarsa, kalsit, mineral lempung.";images/Glauconite 1.png|images/Glauconite 2.png|images/Glauconite 3.png
Epidote;Ca₂(Al,Fe)₃(SiO₄)₃(OH);Kaca;Hijau;Putih / Tidak berwarna | Abu-abu;Transparan | Translusen;6-7;Sempurna 1 arah;Tidak rata;Sedang (3-4);Tidak magnetik;Tidak bereaksi;"Terbentuk pada sekis hijau dan alterasi hidrotermal plagioklas/piroksen; berasosiasi dengan klorit, aktinolit, albite, kalsit.";images/Epidote 1.png|images/Epidote 2.png|images/Epidote 3.png
Chlorite;(Mg,Fe,Al)₆(Si,Al)₄O₁₀(OH)₈;Mutiara | Kaca;Hijau;Hijau | Putih / Tidak berwarna;Translusen;2-2,5;Sempurna 1 arah;Tidak rata;Ringan (<3);Tidak magnetik;Tidak bereaksi;"Umum pada sekis hijau/filit dan hasil alterasi mineral mafik; berasosiasi dengan aktinolit, epidote, biotite, serpentine.";images/Chlorite 1.png|images/Chlorite 2.png|images/Chlorite 3.png
Tourmaline;Na(Mg,Fe,Li,Al)₃Al₆(BO₃)₃Si₆O₁₈(OH)₄;Kaca;Hitam | Cokelat | Hijau | Merah muda | Biru;Putih / Tidak berwarna;Transparan | Translusen;7-7,5;Tidak ada;Konkoidal | Tidak rata;Sedang (3-4);Tidak magnetik;Tidak bereaksi;"Umum pada pegmatit granit dan urat hidrotermal; berasosiasi dengan kuarsa, muskovit, feldspar, beryl.";images/Tourmaline 1.png|images/Tourmaline 2.png|images/Tourmaline 3.png
Phlogopite;KMg₃(AlSi₃O₁₀)(OH)₂;Mutiara | Kaca;Cokelat;Putih / Tidak berwarna;Transparan | Translusen;2,5-3;Sempurna 1 arah;Tidak rata;Ringan (<3);Tidak magnetik;Tidak bereaksi;"Khas marmer dolomitik, skarn, dan kimberlit; berasosiasi dengan diopside, forsterite, kalsit, spinel.";images/Phlogopite 1.png|images/Phlogopite 2.png|images/Phlogopite 3.png
Zircon;ZrSiO₄;Kaca | Intan;Cokelat | Putih / Tidak berwarna | Kuning;Putih / Tidak berwarna;Transparan | Translusen;7,5;Tidak sempurna;Konkoidal;Berat (4-6);Tidak magnetik;Tidak bereaksi;"Mineral aksesori pada granit dan mineral berat resisten pada sedimen klastik; berasosiasi dengan kuarsa, feldspar, magnetite, ilmenite.";images/Zircon 1.png|images/Zircon 2.png|images/Zircon 3.png
Andalusite;Al₂SiO₅;Kaca;Cokelat | Merah | Hijau | Abu-abu;Putih / Tidak berwarna;Translusen;6,5-7,5;Sempurna 2 arah;Tidak rata;Sedang (3-4);Tidak magnetik;Tidak bereaksi;"Khas hornfels metamorfisme kontak tekanan rendah; berasosiasi dengan kordierit, muskovit, biotite, kuarsa.";images/Andalusite 1.png|images/Andalusite 2.png|images/Andalusite 3.png
Sillimanite;Al₂SiO₅;Kaca | Sutera;Putih / Tidak berwarna | Abu-abu | Cokelat ;Putih / Tidak berwarna;Translusen;6,5-7,5;Sempurna 1 arah ;Splintery;Sedang (3-4);Tidak magnetik;Tidak bereaksi;"Umum pada gneiss/sekis metamorf tingkat tinggi; berasosiasi dengan garnet almandine, kordierit, biotite, kuarsa.";images/Sillimanite 1.png|images/Sillimanite 2.png|images/Sillimanite 3.png
Kyanite;Al₂SiO₅;Mutiara | Kaca;Biru;Putih / Tidak berwarna;Translusen;4,5-5 searah | 6,5-7 tegak lurus, anisotropik;Sempurna 1 arah ;Tidak rata;Sedang (3-4);Tidak magnetik;Tidak bereaksi;"Khas sekis/gneiss metamorf regional tekanan tinggi; berasosiasi dengan garnet almandine, staurolite, muskovit.";images/Kyanite 1.png|images/Kyanite 2.png|images/Kyanite 3.png
Leucite;KAlSi₂O₆;Tanah | Kaca;Putih / Tidak berwarna | Abu-abu;Putih / Tidak berwarna;Translusen;5,5-6;Tidak sempurna;Konkoidal | Tidak rata;Ringan (<3);Tidak magnetik;Tidak bereaksi;" Khas batuan vulkanik alkalin kaya kalium miskin silika (leusitit, fonolit); berasosiasi dengan nefelin, sanidine, piroksen alkali.";images/Leucite 1.png|images/Leucite 2.png|images/Leucite 3.png
Nepheline;(Na,K)AlSiO₄;Kaca | Lemak;Putih / Tidak berwarna | Abu-abu | Hijau;Putih / Tidak berwarna;Transparan | Translusen;5,5-6;Tidak sempurna;Konkoidal;Ringan (<3);Tidak magnetik;Bereaksi;"Khas syenit nefelin dan fonolit; berasosiasi dengan sanidine, leusit, piroksen alkali, sodalite.";images/Nepheline 1.png|images/Nepheline 2.png|images/Nepheline 3.png
Pyrite;FeS₂;Metalik;Kuning | Emas;Hitam | Hijau;Opak;6-6,5;Tidak ada;Konkoidal;Berat (4-6);Tidak magnetik;Tidak bereaksi;"Hadir luas pada urat hidrotermal, batuan beku, sedimen, metamorf; berasosiasi dengan kalkopirit, galena, sfalerit, kuarsa.";images/Pyrite 1.png|images/Pyrite 2.png|images/Pyrite 3.png
Chalcopyrite;CuFeS₂;Metalik;Kuning | Emas;Hitam | Hijau;Opak;3,5-4;Tidak sempurna;Tidak rata;Berat (4-6);Tidak magnetik;Tidak bereaksi;"Umum pada urat hidrotermal dan porfiri tembaga; berasosiasi dengan pirit, bornit, sfalerit, kuarsa.";images/Chalcopyrite 1.png|images/Chalcopyrite 2.png|images/Chalcopyrite 3.png
Bornite;Cu₅FeS₄;Metalik;Cokelat | Merah;Hitam | Abu-abu;Opak;3-3,5;Tidak sempurna;Konkoidal | Tidak rata;Berat (4-6);Tidak magnetik;Tidak bereaksi;"Khas endapan sulfida tembaga (porfiri Cu); berasosiasi dengan kalkopirit, kalkosit, pirit.";images/Bornite 1.png|images/Bornite 2.png|images/Bornite 3.png
Galena;PbS;Metalik;Abu-abu;Hitam | Abu-abu;Opak;2,5-2,75;Sempurna 3 arah;Subkonkoidal;Sangat berat (>6);Tidak magnetik;Tidak bereaksi;"Khas urat hidrotermal suhu rendah-menengah bersama sfalerit; berasosiasi dengan sfalerit, pirit, kalsit, barit, fluorit.";images/Galena 1.png|images/Galena 2.png|images/Galena 3.png
Sphalerite;ZnS;Damar | Adamantin;Cokelat | Kuning | Hitam;Cokelat | Kuning;Translusen | Opak;3,5-4;Sempurna 6 arah;Konkoidal;Sedang (3-4);Tidak magnetik;Bereaksi;"Khas urat hidrotermal bersama galena; berasosiasi dengan galena, pirit, kalkopirit, kalsit, dolomit.";images/Sphalerite 1.png|images/Sphalerite 2.png|images/Sphalerite 3.png
Magnetite;Fe₃O₄;Metalik | Submetalik;Hitam;Hitam;Opak;5,5-6,5;Tidak ada;Konkoidal | Tidak rata;Berat (4-6);Magnetik;Bereaksi;"Umum pada batuan beku mafik-ultramafik, skarn, dan pasir besi sedimen; berasosiasi dengan ilmenite, hematite, piroksen, hornblende.";images/Magnetite 1.png|images/Magnetite 2.png|images/Magnetite 3.png
Hematite;Fe₂O₃;Metalik;Abu-abu | Hitam | Merah;Merah | Coklat;Opak;5-6,5;Tidak ada;Subkonkoidal;Berat (4-6);Magnetik;Tidak bereaksi;"Khas endapan besi sedimen (banded iron formation) dan hasil oksidasi magnetite/pirit; berasosiasi dengan magnetite, kuarsa (jasper), goethite.";images/Hematite 1.png|images/Hematite 2.png|images/Hematite 3.png
Malachite;Cu₂CO₃(OH)₂;Kaca | Sutera | Tanah;Hijau;Hijau;Opak;3,5-4;Sempurna 1 arah;Subkonkoidal;Sedang (3-4);Tidak magnetik;Bereaksi;"Khas zona oksidasi (gossan) endapan bijih tembaga; berasosiasi dengan azurite, kuprit, kalkosit, limonit.";images/Malachite 1.png|images/Malachite 2.png|images/Malachite 3.png
Azurite;Cu₃(CO₃)₂(OH)₂;Kaca;Biru;Biru;Transparan | Translusen;3,5-4;Sempurna 2 arah;Konkoidal;Sedang (3-4);Tidak magnetik;Bereaksi;"Terbentuk pada zona oksidasi endapan bijih tembaga bersama malachite; berasosiasi dengan malachite, kuprit, kalkopirit.";images/Azurite 1.png|images/Azurite 2.png|images/Azurite 3.png
